,author.name,count,wariai,ruiseki,URL,evidence url,,,,,,
〇,Lead Stories LLC,9846,0.14924061,0.14924061,https://leadstories.com/hoax-alert/2024/10/fact-check-fema-is-not-confiscating-supplies-donations-for-hurricane-helene-victims.html,〇,,,,,,
〇,PolitiFact,7189,0.108967169,0.258207779,https://www.politifact.com/factchecks/2024/oct/06/facebook-posts/no-fema-other-emergency-responders-are-not-confisc,〇,明示的なソース,,,,,
〇,Full Fact,6271,0.095052596,0.353260375,https://fullfact.org/online/unrwa-black-band-logo-october-2023,〇,,,,,,
〇,VERIFY,4771,0.072316367,0.425576742,https://www.verifythis.com/article/news/verify/settlements-verify/yes-there-is-a-zoominfo-settlement-with-payments-upーto-19k/536-2f7b3dd5-48cc-449b-aab2-3722e1bd221e,〇,明示的なソース,,,,,
〇,FACTLY,4760,0.072149635,0.497726377,https://factly.in/electricity-charges-are-the-same-for-any-place-of-worship-in-tamil-nadu/,〇,インド系　リンク切れ,,,,,
〇,AFP,4515,0.068436051,0.566162428,https://factcheck.afp.com/doc.afp.com.36FQ2MU,〇,,5段階,,,,
,Fact Check,3880,0.058811047,0.624973474,,,,,,,,
,Alt News,3485,0.05282384,0.677797314,,,,,,,,
,Check Your Fact,2460,0.037287416,0.71508473,,,,,,,,
,Newschecker.in,2206,0.033437415,0.748522145,,,,,,,,
,FactCheck.org,1920,0.029102374,0.777624519,,,,,,,,
,NewsMobile,1790,0.0271319,0.804756419,,,,,,,,
,Vera Files,1737,0.026328554,0.831084973,,,,,,,,
,Logically Facts,1238,0.018764968,0.849849941,,,,,,,,
,Vishvas News,1160,0.017582684,0.867432625,,,,,,,,
,Washington Post,661,0.010019098,0.877451723,,,,,,,,
,Pesa Check,545,0.00826083,0.885712553,,,,,,,,
,FactCheckHub,510,0.007730318,0.893442871,,,,,,,,
,THIP Media,451,0.006836026,0.900278898,←,,,,,,,
,Newsmeter Network,357,0.005411223,0.90569012,,,,,,,,
,FactRakers,296,0.004486616,0.910176736,,,,,,,,
,Factcrescendo Sri Lanka,265,0.004016734,0.91419347,,,,,,,,
,Africa Check,237,0.003592324,0.917785794,,,,,,,,
,Fact Crescendo Cambodia,220,0.003334647,0.921120441,,,,,,,,
,Md Mahfooz Alam,213,0.003228545,0.924348986,,,,,,,,
,GhanaFact,208,0.003152757,0.927501743,,,,,,,,
,FactCheckNI,185,0.002804135,0.930305878,,,,,,,,
,Sunanda Naik,185,0.002804135,0.933110013,,,,,,,,
,The Dispatch Fact Check,177,0.002682875,0.935792888,,,,,,,,
,Namibia Fact Check,168,0.002546458,0.938339346,,,,,,,,
,DUBAWA,159,0.00241004,0.940749386,,,,,,,,
,Soch Fact Check,148,0.002243308,0.942992694,,,,,,,,
,PA Media,137,0.002076576,0.94506927,,,,,,,,
,PesaCheck,130,0.001970473,0.947039743,,,,,,,,
,Satya Priya BN,120,0.001818898,0.948858641,,,,,,,,
,USA TODAY,102,0.001546064,0.950404705,,,,,,,,
,The Healthy Indian Project (THIP  Media),98,0.001485434,0.951890139,,,,,,,,
,The New York Times,94,0.001424804,0.953314942,,,,,,,,
,TheJournal.ie,93,0.001409646,0.954724588,,,,,,,,
,Anmol Alphonso,90,0.001364174,0.956088762,,,,,,,,
,BBC Hindi,88,0.001333859,0.957422621,,,,,,,,
,Fact Crescendo Sri Lanka,81,0.001227756,0.958650377,,,,,,,,
,Fast Check CL,79,0.001197441,0.959847819,,,,,,,,
,WCNC,76,0.001151969,0.960999788,,,,,,,,
,ZimFact,74,0.001121654,0.962121442,,,,,,,,
,Tejal Sinha,72,0.001091339,0.963212781,,,,,,,,
,The Healthy Indian Project,71,0.001076182,0.964288962,,,,,,,,
,WUSA9,63,0.000954922,0.965243884,,,,,,,,
,HABEEB RAHMAN YP,61,0.000924607,0.967093097,,,,,,,,
,Rumor Scanner,61,0.000924607,0.966168491,,,,,,,,
,Facta,60,0.000909449,0.968002546,,,,,,,,
,Boatos.org,59,0.000894292,0.968896838,,,,,,,,
,Sk Badiruddin,44,0.000666929,0.970230697,,,,,,,,
,Tsek.ph,44,0.000666929,0.969563768,,,,,,,,
,MediaWise,41,0.000621457,0.970852154,,,,,,,,
,Fact Crescendo,40,0.000606299,0.971458453,,,,,,,,
,The Ferret,39,0.000591142,0.972049595,,,,,,,,
,Fact Check NI,36,0.00054567,0.972595265,,,,,,,,
,Ahamed Ali,35,0.000530512,0.974717313,,,,,,,,
,Archis Chowdhury,35,0.000530512,0.973656289,,,,,,,,
,Factcrescendo Thailand,35,0.000530512,0.974186801,,,,,,,,
,Srijit Das,35,0.000530512,0.973125777,,,,,,,,
,Logically Facts ,32,0.00048504,0.975202352,,,,,,,,
,Mounika Dasari,32,0.00048504,0.976172432,,,,,,,,
,VERA Files,32,0.00048504,0.975687392,,,,,,,,
,Facebook posts,31,0.000469882,0.977112196,,,,,,,,
,Maldita.es,31,0.000469882,0.977582078,,,,,,,,
,Sumit Usha,31,0.000469882,0.97805196,,,,,,,,
,Viral image,31,0.000469882,0.976642314,,,,,,,,
,Aiswarya Sriram,30,0.000454725,0.978506684,,,,,,,,
,Health Feedback,30,0.000454725,0.978961409,,,,,,,,
,Swasti Chatterjee,29,0.000439567,0.979400976,,,,,,,,
,Climate Fact Checks,28,0.00042441,0.979825386,,,,,,,,
,Factcheck.bg,28,0.00042441,0.980249795,,,,,,,,
,FACTLY ,27,0.000409252,0.9810683,,,,,,,,
,USA Today,27,0.000409252,0.980659048,,,,,,,,
,AAP FactCheck,25,0.000378937,0.981447237,,,,,,,,
,dpa,25,0.000378937,0.982205111,,,,,,,,
,KGW,25,0.000378937,0.981826174,,,,,,,,
,Donald Trump,24,0.00036378,0.982568891,,,,,,,,
,BBC Reality Check,23,0.000348622,0.982917513,,,,,,,,
,Lupa,23,0.000348622,0.983266135,,,,,,,,
,Gautam Doshi,22,0.000333465,0.9835996,,,,,,,,
,Fact Crescnedo Sri Lanka,21,0.000318307,0.984872829,,,,,,,,
,Mohammed Kudrati,21,0.000318307,0.983917907,,,,,,,,
,Nivedita Niranjankumar,21,0.000318307,0.985191136,,,,,,,,
,Rappler,21,0.000318307,0.984236214,,,,,,,,
,The Conversation,21,0.000318307,0.984554521,,,,,,,,
,Nidhi Jacob,20,0.00030315,0.985797435,,,,,,,,
,Shachi Sutaria,20,0.00030315,0.986100585,,,,,,,,
,Verificat,20,0.00030315,0.985494286,,,,,,,,
,Abrar Bhat,19,0.000287992,0.986388577,,,,,,,,
,BBC News,19,0.000287992,0.98667657,,,,,,,,
,BOOM FACT Check Team,19,0.000287992,0.986964562,,,,,,,,
,Hazel Gandhi,19,0.000287992,0.987252554,,,,,,,,
,Factuel,18,0.000272835,0.987525389,,,,,,,,
,Myth Detector,14,0.000212205,0.987949798,,,,,,,,
,Saket Tiwari,14,0.000212205,0.987737594,,,,,,,,
,Divyani Dubey,12,0.00018189,0.988495468,,,,,,,,
,First Check,12,0.00018189,0.988131688,,,,,,,,
,multiple sources,12,0.00018189,0.988313578,,,,,,,,
,BBC News Hindi,11,0.000166732,0.988995665,,,,,,,,
,Fact Crescendo Thailand,11,0.000166732,0.9886622,,,,,,,,
,Youturn,11,0.000166732,0.988828933,,,,,,,,
,Bufale,10,0.000151575,0.98914724,,,,,,,,
,Cedar Rapids Gazette,9,0.000136417,0.989692909,,,,,,,,
,Demagog,9,0.000136417,0.989420075,,,,,,,,
,"Digital Forensics, Research and Analytics Center (DFRAC)",9,0.000136417,0.989556492,,,,,,,,
,Dilip Unnikrishnan,9,0.000136417,0.989829327,,,,,,,,
,ﾙ・Eﾙ・E ﾙ・Eﾙ・Eﾘｲﾘｧﾙ・E ﾙ・Eﾘｱﾘｧﾙ・Eﾘｳ ﾘｨﾘｱﾘｳ,9,0.000136417,0.989283657,,,,,,,,
,Ankita Maneck,8,0.00012126,0.990193106,,,,,,,,
,BBC News ,8,0.00012126,0.990071846,,,,,,,,
,Polﾃｭgrafo,8,0.00012126,0.989950587,,,,,,,,
,Bernie Sanders,7,0.000106102,0.990617516,,,,,,,,
,Debalina Mukherjee,7,0.000106102,0.99125413,,,,,,,,
,Deutsche Welle,7,0.000106102,0.990829721,,,,,,,,
,Factly,7,0.000106102,0.990935823,,,,,,,,
,Multiple sources,7,0.000106102,0.990511414,,,,,,,,
,Newtral,7,0.000106102,0.990723618,,,,,,,,
,Nivruthi Pasupunuri,7,0.000106102,0.991148028,,,,,,,,
,The Dispatch,7,0.000106102,0.991041926,,,,,,,,
,Vamsi Krishna Pothuru,7,0.000106102,0.990299209,,,,,,,,
,Youturn ,7,0.000106102,0.990405311,,,,,,,,
,Anuprova Ghose,6,9.09E-05,0.991890745,,,,,,,,
,DaBegad?,6,9.09E-05,0.99161791,,,,,,,,
,Elizabeth Warren,6,9.09E-05,0.99216358,,,,,,,,
,Factchecker Team,6,9.09E-05,0.99198169,,,,,,,,
,Factcrescendo SL,6,9.09E-05,0.991526965,,,,,,,,
,Faktograf.hr,6,9.09E-05,0.991345075,,,,,,,,
,Isha Bajpai,6,9.09E-05,0.9917998,,,,,,,,
,Opera News ,6,9.09E-05,0.991708855,,,,,,,,
,Shimron Diana,6,9.09E-05,0.992072635,,,,,,,,
,Sprawdzam,6,9.09E-05,0.99143602,,,,,,,,
,Amritha Mohan,5,7.58E-05,0.992997241,,,,,,,,
,Arya Dinesh,5,7.58E-05,0.992315154,,,,,,,,
,Checamos,5,7.58E-05,0.992466729,,,,,,,,
,DW,5,7.58E-05,0.992921454,,,,,,,,
,Factual,5,7.58E-05,0.992542517,,,,,,,,
,Joe Biden,5,7.58E-05,0.992618304,,,,,,,,
,Kirsten Gillibrand,5,7.58E-05,0.992845666,,,,,,,,
,Srinivasa Mata,5,7.58E-05,0.992239367,,,,,,,,
,Tulsi Gabbard,5,7.58E-05,0.992694092,,,,,,,,
,Viral Image,5,7.58E-05,0.992390942,,,,,,,,
,VishvasNews,5,7.58E-05,0.992769879,,,,,,,,
,・E・Eｰ・E・E｣・Eｺ・E・Eｯｦ・E・E･・Eｸ・Eｸｭ・Eｿ・E,4,6.06E-05,0.993057871,,,,,,,,
,Arjun Deodia,4,6.06E-05,0.993542911,,,,,,,,
,Beto O'Rourke,4,6.06E-05,0.993118501,,,,,,,,
,Correctiv,4,6.06E-05,0.993482281,,,,,,,,
,Dheeshma,4,6.06E-05,0.993361021,,,,,,,,
,FCN,4,6.06E-05,0.993421651,,,,,,,,
,INFOVERITAS,4,6.06E-05,0.993179131,,,,,,,,
,NepalFactCheck.org,4,6.06E-05,0.993300391,,,,,,,,
,Shrey Banerjee,4,6.06E-05,0.993239761,,,,,,,,
,Bloggers,3,4.55E-05,0.993724801,,,,,,,,
,Cory Booker,3,4.55E-05,0.993815746,,,,,,,,
,Deutsche Presse-Agentur,3,4.55E-05,0.994406888,,,,,,,,
,Dubawa,3,4.55E-05,0.99408858,,,,,,,,
,El Detector / Univision Noticias,3,4.55E-05,0.993861218,,,,,,,,
,FACEBOOK POST,3,4.55E-05,0.993770273,,,,,,,,
,Factcrescendo  Sri Lanka,3,4.55E-05,0.994043108,,,,,,,,
,FactCrescendo Sri Lanka,3,4.55E-05,0.994224998,,,,,,,,
,Factcrescendo Sri Lanka ,3,4.55E-05,0.994179525,,,,,,,,
,https://factcheck.afp.com/,3,4.55E-05,0.994134053,,,,,,,,
,Karen Rebelo,3,4.55E-05,0.99427047,,,,,,,,
,Logically facts,3,4.55E-05,0.993906691,,,,,,,,
,Na pravou mﾃｭru,3,4.55E-05,0.993997635,,,,,,,,
,NewsMeter ,3,4.55E-05,0.993679328,,,,,,,,
,PA,3,4.55E-05,0.993633856,,,,,,,,
,PA Media ,3,4.55E-05,0.993952163,,,,,,,,
,Sista Mukherjee,3,4.55E-05,0.994361415,,,,,,,,
,Suhash Bhattacharya,3,4.55E-05,0.994315943,,,,,,,,
,Sumit Jha,3,4.55E-05,0.993588383,,,,,,,,
,Alexandria Ocasio-Cortez,2,3.03E-05,0.995073817,,,,,,,,
,BBC News Punjabi,2,3.03E-05,0.994679722,,,,,,,,
,BBC Trending,2,3.03E-05,0.994437203,,,,,,,,
,Bill de Blasio,2,3.03E-05,0.994649407,,,,,,,,
,BOOM,2,3.03E-05,0.995286022,,,,,,,,
,Deutsche Welle | DW News,2,3.03E-05,0.994861612,,,,,,,,
,"Digital Forensics, Research and Analytics Center",2,3.03E-05,0.994891927,,,,,,,,
,Facebook post,2,3.03E-05,0.995164762,,,,,,,,
,Factcheck Lab ・Eｺ・E・Eｯｦ・E・E･・Eｸ・Eｯｦ・Eｩ・E・Eｮ､,2,3.03E-05,0.994528147,,,,,,,,
,Factcrescendo,2,3.03E-05,0.994558462,,,,,,,,
,FACTLY   ,2,3.03E-05,0.994497832,,,,,,,,
,Faktencheck,2,3.03E-05,0.994619092,,,,,,,,
,Greg Steube,2,3.03E-05,0.994800982,,,,,,,,
,Juliﾃ｡n Castro,2,3.03E-05,0.995043502,,,,,,,,
,Kenyan Times,2,3.03E-05,0.994952557,,,,,,,,
,Krutika Kale,2,3.03E-05,0.995255707,,,,,,,,
,Marianne Williamson,2,3.03E-05,0.994710037,,,,,,,,
,MD Mahfooz Alam,2,3.03E-05,0.994831297,,,,,,,,
,Mohammad Salman,2,3.03E-05,0.994467518,,,,,,,,
,Newschecker,2,3.03E-05,0.995013187,,,,,,,,
,Nieuwscheckers,2,3.03E-05,0.994922242,,,,,,,,
,Ron Johnson,2,3.03E-05,0.994770667,,,,,,,,
,Seth Moulton,2,3.03E-05,0.995134447,,,,,,,,
,SOCIAL MEDIA POST,2,3.03E-05,0.995104132,,,,,,,,
,Srijanee Chakraborty,2,3.03E-05,0.995195077,,,,,,,,
,Sujith,2,3.03E-05,0.995225392,,,,,,,,
,The Searchlight,2,3.03E-05,0.994740352,,,,,,,,
,TjekDet,2,3.03E-05,0.994982872,,,,,,,,
,WWL TV,2,3.03E-05,0.994588777,,,,,,,,
, Cocacolacasuals.com,1,1.52E-05,,,,,,,,,
, Fact Crescendo Sri Lanka,1,1.52E-05,,,,,,,,,
,11Alive,1,1.52E-05,0.996347046,,,,,,,,
,20 minutes,1,1.52E-05,,,,,,,,,
,211 Check,1,1.52E-05,0.99680177,,,,,,,,
,254News.live,1,1.52E-05,,,,,,,,,
,Abdullahi Abdi,1,1.52E-05,,,,,,,,,
,Abu Sakeena,1,1.52E-05,,,,,,,,,
,AFP Fact-check,1,1.52E-05,0.996225786,,,,,,,,
,Ainsley Earhardt,1,1.52E-05,0.996892715,,,,,,,,
,Akothee Kenya,1,1.52E-05,,,,,,,,,
,Alice Aoko,1,1.52E-05,0.996013581,,,,,,,,
,Andrew Yang,1,1.52E-05,,,,,,,,,
,Arunima Joshua,1,1.52E-05,,,,,,,,,
,Ashish Bhosale,1,1.52E-05,,,,,,,,,
,Australian Associated Press,1,1.52E-05,0.997029133,,,,,,,,
,Australian Associated Press ,1,1.52E-05,0.997013975,,,,,,,,
,Ayswarya Murthy,1,1.52E-05,,,,,,,,,
,Barack Obama,1,1.52E-05,,,,,,,,,
,BBC,1,1.52E-05,,,,,,,,,
,BBC Delhi,1,1.52E-05,,,,,,,,,
,BBC Fact Check,1,1.52E-05,0.996286416,,,,,,,,
,BBC Hind,1,1.52E-05,,,,,,,,,
,BBC News Marathi,1,1.52E-05,,,,,,,,,
,bbc news punjabi,1,1.52E-05,,,,,,,,,
,Beto O・E・ERourke ,1,1.52E-05,,,,,,,,,
,Big League Politics,1,1.52E-05,,,,,,,,,
,Breitbart,1,1.52E-05,,,,,,,,,
,Brian Kolfage,1,1.52E-05,,,,,,,,,
,Brigette Hall,1,1.52E-05,,,,,,,,,
,Buda Obamah Ni,1,1.52E-05,,,,,,,,,
,Camila Vidal,1,1.52E-05,,,,,,,,,
,Capital FM Kenya,1,1.52E-05,,,,,,,,,
,Caroline Mutoko ,1,1.52E-05,,,,,,,,,
,CGTN Africa,1,1.52E-05,,,,,,,,,
,Charles Payne,1,1.52E-05,,,,,,,,,
,Chelsea Handler,1,1.52E-05,,,,,,,,,
,Chris Taylor,1,1.52E-05,0.997059448,,,,,,,,
,City News,1,1.52E-05,,,,,,,,,
,CNN,1,1.52E-05,,,,,,,,,
,Colombiacheck,1,1.52E-05,0.996665353,,,,,,,,
,Conservative Daily Post,1,1.52E-05,,,,,,,,,
,cov-funds.com,1,1.52E-05,,,,,,,,,
,"Cyprian Is, Nyakundi ",1,1.52E-05,,,,,,,,,
,Cﾃｩsar Blanco ,1,1.52E-05,,,,,,,,,
,David Maina Ndung'u,1,1.52E-05,0.996331888,,,,,,,,
,Deutsche Presse-Agentur ,1,1.52E-05,0.997074605,,,,,,,,
,Devesh Mishra,1,1.52E-05,0.995331494,,,,,,,,
,Dharmasena NN,1,1.52E-05,,,,,,,,,
,Dicko,1,1.52E-05,,,,,,,,,
,Digital Forensics Research and Analytics Center (DFRAC),1,1.52E-05,0.996544093,,,,,,,,
,Donna Campbell,1,1.52E-05,,,,,,,,,
,Donna Shalala,1,1.52E-05,,,,,,,,,
,dpa Faktencheck,1,1.52E-05,0.996589566,,,,,,,,
,dpa-factchecking.com,1,1.52E-05,,,,,,,,,
,"Dr Boni Khalwale, CBS",1,1.52E-05,,,,,,,,,
,DUBAWS,1,1.52E-05,,,,,,,,,
,DW NEws,1,1.52E-05,,,,,,,,,
,Dyth Detector,1,1.52E-05,0.995316337,,,,,,,,
,El Detector / Univision Noticas,1,1.52E-05,,,,,,,,,
,Eng Mokogoti,1,1.52E-05,0.995604329,,,,,,,,
,Evans Miloo Rutto,1,1.52E-05,,,,,,,,,
,Fact CheckMTL Blog,1,1.52E-05,0.996240943,,,,,,,,
,Fact Crecendo Cambodia,1,1.52E-05,0.996953345,,,,,,,,
,Fact Cresccendo ,1,1.52E-05,,,,,,,,,
,Fact Cresccendo Sri Lanka,1,1.52E-05,,,,,,,,,
,Fact Crescendo - Sri Lanka,1,1.52E-05,0.996574408,,,,,,,,
,Fact Crescendo Sri lanka,1,1.52E-05,0.995301179,,,,,,,,
,Fact Crescendo Sri Lankahttps://archive.vn/zG2bN,1,1.52E-05,,,,,,,,,
,Fact Crescendo Thai,1,1.52E-05,,,,,,,,,
,Fact Crescnedo Sri lanka,1,1.52E-05,0.997180708,,,,,,,,
,Factcheck Nederland,1,1.52E-05,,,,,,,,,
,Factchequeado,1,1.52E-05,0.996680511,,,,,,,,
,Factcrescnedo SL,1,1.52E-05,0.996149998,,,,,,,,
,factly,1,1.52E-05,,,,,,,,,
,FACTLY  ,1,1.52E-05,,,,,,,,,
,FACTLY        ,1,1.52E-05,0.996559251,,,,,,,,
,FACTLYhttps://www.facebook.com/dishant.patel.75248795/posts/pfbid0DsBdnjv6Aj9tED4hZEVDMf77hHYXFLVFzgmAFJwFC9PWfE4cHiuRp5sZWw9W67Ffl,1,1.52E-05,0.996816928,,,,,,,,
,FACTLYhttps://www.facebook.com/Nstarnews/posts/7324900240915818,1,1.52E-05,0.996619881,,,,,,,,
,FactRaker,1,1.52E-05,,,,,,,,,
,FactRakers ,1,1.52E-05,0.996710825,,,,,,,,
,FACTY,1,1.52E-05,0.996134841,,,,,,,,
,Fakt Yoxla,1,1.52E-05,,,,,,,,,
,Fakty,1,1.52E-05,0.996832085,,,,,,,,
,Fatabyyano Platform,1,1.52E-05,,,,,,,,,
,FAVTLY,1,1.52E-05,,,,,,,,,
,FCTLY,1,1.52E-05,0.996528936,,,,,,,,
,FLAME TV Kenya,1,1.52E-05,,,,,,,,,
,Flight CARGO,1,1.52E-05,,,,,,,,,
,Florence Njoroge,1,1.52E-05,,,,,,,,,
,Florida Democratic Party,1,1.52E-05,,,,,,,,,
,Gerald Bitok,1,1.52E-05,0.995634644,,,,,,,,
,Gokchat.com,1,1.52E-05,,,,,,,,,
,Gordwin Agutu,1,1.52E-05,0.995619486,,,,,,,,
,HKBU Fact Check,1,1.52E-05,,,,,,,,,
,http://tewtre.cobalt6.net/amaz/index.php#1623218717705,1,1.52E-05,,,,,,,,,
,http://worldvision-recruiters.info/2021/07/urgent-mass-recruitment-by-world-vision-kenya-2/,1,1.52E-05,0.996437991,,,,,,,,
,https://20gb-free-data.get-fundz.xyz/#1621949075407,1,1.52E-05,0.995710431,,,,,,,,
,https://50gbfree.whatsappdata.com/,1,1.52E-05,0.995649801,,,,,,,,
,https://covid19support.free-fund.online/#1624004249447,1,1.52E-05,0.995513384,,,,,,,,
,https://docs.google.com/forms/d/e/1FAIpQLSc6Am7vE0V_Xss2NMe0vR8A_IYWTVbadCkiJhhGG7dIlNyEAw/viewform,1,1.52E-05,,,,,,,,,
,https://ke.safaricomblack.com/TwrseaTrw/#1625738841671,1,1.52E-05,0.996104526,,,,,,,,
,https://maishatv.com/ex-iebc-ceo-ezra-chiloba-has-died-of-testicular-cancer/,1,1.52E-05,,,,,,,,,
,https://mpasho-news.com/2021/07/14/breaking-news-kisumu-governor-peter-anyang-nyongo-succumbs-to-prostate-cancer-3/,1,1.52E-05,,,,,,,,,
,https://oficayuda.club/eIarKPty?_t=1626448025#,1,1.52E-05,0.996453148,,,,,,,,
,https://onleft.top/YCcr10p5/facebook-mo/?_t=1627029912evt#1627031120191,1,1.52E-05,,,,,,,,,
,https://survivalfund.online/CBN/#1623254508926,1,1.52E-05,,,,,,,,,
,https://twitter.com/_cheruiyott/status/1402211158375948294,1,1.52E-05,0.995574014,,,,,,,,
,https://twitter.com/_iAlen/status/1403697588935827459,1,1.52E-05,0.995528542,,,,,,,,
,https://twitter.com/Abukarawale/status/1406504904714240000,1,1.52E-05,0.995983266,,,,,,,,
,https://twitter.com/charleeoddie1/status/1401796570992025601,1,1.52E-05,,,,,,,,,
,https://twitter.com/CisNyakundi/status/1402508020505063425,1,1.52E-05,,,,,,,,,
,https://twitter.com/David_Murathe_/status/1415716741754277889,1,1.52E-05,0.996407676,,,,,,,,
,https://twitter.com/geraldngaopk7/status/1415658868315668483,1,1.52E-05,0.996468306,,,,,,,,
,https://twitter.com/gurlbehindthisb/status/1396478332988911626,1,1.52E-05,,,,,,,,,
,https://twitter.com/HonSsegirinyaMu/status/1405845345201012737,1,1.52E-05,0.995467912,,,,,,,,
,https://twitter.com/i___amfinest/status/1399978422504460294,1,1.52E-05,,,,,,,,,
,https://twitter.com/Jamwanda2/status/1417109112773558280,1,1.52E-05,0.996377361,,,,,,,,
,https://twitter.com/KapaiStv/status/1409057502847774726,1,1.52E-05,,,,,,,,,
,https://twitter.com/KapaiStv/status/1414861754526539778,1,1.52E-05,,,,,,,,,
,https://twitter.com/KenyaNature_1/status/1406183536961495040,1,1.52E-05,0.995998424,,,,,,,,
,https://twitter.com/kipro_hon/status/1413407368654819328,1,1.52E-05,0.996059054,,,,,,,,
,https://twitter.com/KomudhoJ/status/1389225458479341574,1,1.52E-05,0.995392124,,,,,,,,
,https://twitter.com/KOT_Loyals/status/1397596732322631680,1,1.52E-05,,,,,,,,,
,https://twitter.com/limorio_/status/1395792365638586370,1,1.52E-05,,,,,,,,,
,https://twitter.com/LindahOguttu_/status/1400804381365358593,1,1.52E-05,,,,,,,,,
,https://twitter.com/lynne_soi/status/1413406900461387776,1,1.52E-05,,,,,,,,,
,https://twitter.com/Mukhisakenya/status/1406175416977608706,1,1.52E-05,0.995968109,,,,,,,,
,https://twitter.com/nzaupriscilla/status/1406485242504941568,1,1.52E-05,0.995437597,,,,,,,,
,https://twitter.com/Real_Joe254/status/1409071088869556225,1,1.52E-05,0.995831691,,,,,,,,
,https://twitter.com/RoadAlertsKE/status/1408361736546160640,1,1.52E-05,0.995907479,,,,,,,,
,https://twitter.com/StellaNanjala6/status/1402198330747277314?s=20,1,1.52E-05,0.995558857,,,,,,,,
,https://twitter.com/VeronicamainaSG/status/1399397484250775556,1,1.52E-05,0.995664959,,,,,,,,
,https://www.facebook.com/100045435879016/posts/343646633826530,1,1.52E-05,0.996271258,,,,,,,,
,https://www.facebook.com/100057667377024/posts/243032990962278,1,1.52E-05,,,,,,,,,
,https://www.facebook.com/100922445298159/photos/a.101468091910261/182261867164216/,1,1.52E-05,,,,,,,,,
,https://www.facebook.com/103459658003951/photos/a.103472178002699/304786957871219?type=3&__xts__[0]=68.ARB-GRatl2KO7zb9N4kaU6jlQZI-O90ZGTV3t-_3ofyzNJ6A2dmL8s1ozOq6WBE8FOQQbh2-h7qt-ep1wQEudlSnkEjxsGwuBP_77m7DMbvGT918zPnun0QBJLI6obdB_aAYEYQjxGxmdiKQg4nPq5sTwX9XUVXI4RvmbJXBsRzQO6BpByACUnxVr7-63k8DH95yuJn6BfPU7ixDQRAXnkHCoC6-zq8DtA1px0I8N3OEHTqY2ATqy4Pvv25FcXAt6UDLRSZYnPs9VLn-GmGXpF7AIgdfnMwp,1,1.52E-05,,,,,,,,,
,https://www.facebook.com/107840538174008/photos/a.107840664840662/107841288173933,1,1.52E-05,,,,,,,,,
,https://www.facebook.com/Abma001/posts/1655697227974211,1,1.52E-05,0.995952951,,,,,,,,
,https://www.facebook.com/adrian.pettitt.7/posts/4024874927582060,1,1.52E-05,0.996422833,,,,,,,,
,https://www.facebook.com/albert.otieno.16/posts/4406609982691376,1,1.52E-05,0.995937794,,,,,,,,
,https://www.facebook.com/arfsBlog/posts/326428128847440,1,1.52E-05,,,,,,,,,
,https://www.facebook.com/Bitokgerald/photos/a.3366305173409516/5849185358454806/,1,1.52E-05,0.995361809,,,,,,,,
,https://www.facebook.com/BuyerBewareKE/posts/994303578007609,1,1.52E-05,0.996513778,,,,,,,,
,https://www.facebook.com/cheruiyot.erick.94/posts/1610898909101429,1,1.52E-05,0.995483069,,,,,,,,
,https://www.facebook.com/ChicLuxury/posts/3421615177941354,1,1.52E-05,,,,,,,,,
,https://www.facebook.com/CordEffects/posts/3119372254854360,1,1.52E-05,,,,,,,,,
,https://www.facebook.com/groups/150280883458822/posts/331218708698371,1,1.52E-05,,,,,,,,,
,https://www.facebook.com/groups/2003187556569968/permalink/2870667129822002,1,1.52E-05,,,,,,,,,
,https://www.facebook.com/groups/2280957195532825/permalink/2560274910934384,1,1.52E-05,0.995725589,,,,,,,,
,https://www.facebook.com/groups/258663640892029/posts/4110948928996795/,1,1.52E-05,0.996074211,,,,,,,,
,https://www.facebook.com/groups/277957155643881/posts/3936774643095429,1,1.52E-05,,,,,,,,,
,https://www.facebook.com/groups/300642863326203/permalink/4199748643415586,1,1.52E-05,,,,,,,,,
,https://www.facebook.com/groups/324181444956882/permalink/793074878067534,1,1.52E-05,0.995801376,,,,,,,,
,https://www.facebook.com/groups/332006670847882/permalink/787325881982623/,1,1.52E-05,0.995452754,,,,,,,,
,https://www.facebook.com/groups/441337183181016/posts/835486117099452/,1,1.52E-05,0.995862006,,,,,,,,
,https://www.facebook.com/groups/50756601582/posts/10157884045696583/,1,1.52E-05,0.995877164,,,,,,,,
,https://www.facebook.com/groups/600507693729102/permalink/1201381933641672/,1,1.52E-05,,,,,,,,,
,https://www.facebook.com/groups/662517423880077/permalink/2361141387350997/,1,1.52E-05,,,,,,,,,
,https://www.facebook.com/groups/kenyapolitforum/permalink/2848055742159862/?__xts__[0]=68.ARDKxbSi1FZJ9CFKlPn1zmF7BQj_CpiOHSuqTy6TcDKLf1MLxAp521-SekdXsAKie8FTRgd_TeT-M5ACacxW3L1OcHN3TyLxmPGfxV9e-xKrIdwhjMiqopDBNXpJEvrCNm5vY_ddBkKTLWz1UI9Xi8u1DOBLgHn8CwKAu2IbVWzOysgQzGcCDV8j_Q46EoQpW_DGrlwUK6PIJ8N9TCwjA-e54KvSjv_Y2wegbNmdY0kaxUCNGn4fEQnB98S3dWhNDOhsaQtKLLDAXjtHmHIgd00gAfOLFKdvcCMb,1,1.52E-05,,,,,,,,,
,https://www.facebook.com/groups/ScienceMemes/permalink/992976151515110/?__xts__[0]=68.ARB2cOntlYgeuWbnlQapZ3OgqltgOAbkmRsy9QJas8RM3sN10C3qiDrXHFDmNFYFC_BT0S91gT66FlNmBhTqB97RnrO094wP9PwiOlbqleHgzPQeFBBtAT4Rk92AEznoRw8Ncffyc6Mnv0bPHKEhkkabONRrOlCmfAPGsIbD1roBOQA31wTk1up9BLc-PhYBea3XLKokwRXZtWYWtvHdtceNvLC8jRkRYUxScseTZrnS7HT26AWHv1GNXzbqDOUi_U0F0Tn1uy8jqerJE1sX3tOKW0X79Dmflw),1,1.52E-05,,,,,,,,,
,https://www.facebook.com/KCB-Bank-Investment-Kenya-110421554599753,1,1.52E-05,0.995346652,,,,,,,,
,https://www.facebook.com/keepitrealkips/posts/272103478017346,1,1.52E-05,,,,,,,,,
,https://www.facebook.com/KuriaSKK/posts/322413309566122,1,1.52E-05,0.996392518,,,,,,,,
,https://www.facebook.com/makogidi.kwame/posts/541084833943985,1,1.52E-05,,,,,,,,,
,https://www.facebook.com/margaretkenyatta.loanapps.1/posts/121573286804973,1,1.52E-05,0.996256101,,,,,,,,
,https://www.facebook.com/maska.began/posts/502176444544845,1,1.52E-05,,,,,,,,,
,https://www.facebook.com/mbatia.kenyatta/posts/342383037309320,1,1.52E-05,0.995376967,,,,,,,,
,https://www.facebook.com/mlungulareload/photos/a.1448122045479100/2740355549589070/?type=3,1,1.52E-05,0.995543699,,,,,,,,
,https://www.facebook.com/mpmusyimi/,1,1.52E-05,0.995695274,,,,,,,,
,https://www.facebook.com/NationalEngineersPK/posts/344731330361578,1,1.52E-05,0.995816534,,,,,,,,
,https://www.facebook.com/ndam.demiah.9/posts/257985102481876,1,1.52E-05,0.995422439,,,,,,,,
,https://www.facebook.com/ndeto.cararuku/posts/278063744025769,1,1.52E-05,0.995740746,,,,,,,,
,https://www.facebook.com/permalink.php?story_fbid=107186291596526&id=107181511597004,1,1.52E-05,,,,,,,,,
,https://www.facebook.com/permalink.php?story_fbid=107346814852984&id=107311124856553,1,1.52E-05,,,,,,,,,
,https://www.facebook.com/permalink.php?story_fbid=111251847898919&id=108605601496877,1,1.52E-05,,,,,,,,,
,https://www.facebook.com/permalink.php?story_fbid=122892796642672&id=105227191742566,1,1.52E-05,0.995892321,,,,,,,,
,https://www.facebook.com/permalink.php?story_fbid=1856162567899552&id=100005174791554,1,1.52E-05,,,,,,,,,
,https://www.facebook.com/permalink.php?story_fbid=1911531562343831&id=741147842715548,1,1.52E-05,0.996635038,,,,,,,,
,https://www.facebook.com/permalink.php?story_fbid=2915415335380378&id=100007358193592,1,1.52E-05,0.996483463,,,,,,,,
,https://www.facebook.com/permalink.php?story_fbid=309770167372898&id=103459658003951,1,1.52E-05,0.995771061,,,,,,,,
,https://www.facebook.com/photo.php?fbid=1979925788838921&set=a.352962448201938&type=3,1,1.52E-05,0.996119684,,,,,,,,
,https://www.facebook.com/photo/?fbid=2949316078621144&set=basw.Abr6ujuy_J8evNO5ExvwhljVia2YpEwIVq4SIm1XLWvIBQedoWpd_S5dtbag0Qr7dTrt_I462x4NxaC_jRU9vlRqOOas-nRyT5Z6SSIlDQkcxIzgj9O7tRqiFwNzmjxw1QacZqPhYnrhzjVWsnuesRUVaL4x3o48dZ5N7yEL3d0ixw&opaqueCursor=AbqGotYmpkF_0inxkexNShD1MuTKQ9Pzn-7SBQN_NifIn_6ay3WrQGEL46Aw7mDGXW92ScusxboPgiZ5rl5HgNJuRtKvM2OC5HVT5RKVk6WKmTdCsghkigfpp3untGiriLcYYyelcLNUK3eNLFUl9EfirBzVnWqDWun0vMbVXuSlNR11AfN8RLxUn1fqL2kapGw7KzJelNm5IH4MgszANzmR9-4dA5Ig4OMPdGdlFH_3QEwTAiXwta9_pkVRhuJaQyM6hO0Mw_HWh2VWukT73JviB1c64j6F390LecCUmUXfl-mK9Sk8jLUQGi_QQvuQ53EnQNnDYK0NfNSACWl25bmQRlTjDRae1Qv1-bFGIDsuo9wqJFXrlwCrgR6nt6ejSyDgPJVOI_SSo6PmWCtHyR5MJCODTsxm8O5_fFn3CGgRpHaYiHj9eKdXyGi9nxycwDe_-wQxapUK1tcu35wjL8Bfe6viECouGTwrluvdUGPXrhd7RwHNmUY7YrrKHZQ-p7s2pkttfQ9NJ97BDtrMSvKrrdG1nycb5qik3DWZIQpKtr4YSzmQue4EpkTWqiNKMfJ8J7xNVqybZBSRhm0IBP9-mfvycPzZnN9CN3Vu_4XiaygSvdx-Lo__rw86HUsfafzV_QEaj7u1YPvqR0H4t32RHhyQ99wjHFrvVi_qtt8gE1EU55_799uX8MwS7ILwFfrF372FumhgoeV3blga3ef5D8m0uDi-zXbNXZQM-4p4RKN0yy1b5-untqsA9mFbZ3M4U8PjWKPTcu7z7nkPg5N8Dmemy9EHaNhnDh4gLsluLaT-3ld7uH4R9BA6WuR2YnKTcaYFauBPDbRyT0WkXykUmJNjUu4dDS1Lc5XoEoYymwAWnBF_O_kAmMkU2UocqTyQJ0qgjXIBE6fcYGbvjxNGnfwukIYLMu_semQZwV93Nz9yZ90bGd5yMGbLlgLaHZ053XBprFLk3XO5LI0LFfF2pIbv9vCdVRQJIuaAaVE5Cq1MZZtEgVxvowpdPwLFTkcoJc5JBcyOPh3A8Hl9owFlVTausgyXu_-Cn0YQRLs7cc2bS8xHnrHftHmRIzDQXN4,1,1.52E-05,,,,,,,,,
,https://www.facebook.com/photo/?fbid=346809516821229&set=gm.4071756346249387,1,1.52E-05,0.995922636,,,,,,,,
,https://www.facebook.com/photo/?fbid=378287556994382&set=a.255155602640912,1,1.52E-05,,,,,,,,,
,https://www.facebook.com/photo?fbid=10221642475625862&set=a.1529894081966,1,1.52E-05,,,,,,,,,
,https://www.facebook.com/photo?fbid=130537799137211&set=a.107401374784187,1,1.52E-05,0.995755904,,,,,,,,
,https://www.facebook.com/photo?fbid=312700673659435&set=a.104896214439883,1,1.52E-05,,,,,,,,,
,https://www.facebook.com/photo?fbid=320692836257867&set=a.115872440073242,1,1.52E-05,0.995498227,,,,,,,,
,https://www.facebook.com/photo?fbid=838563483762417&set=a.314869802798457,1,1.52E-05,,,,,,,,,
,https://www.facebook.com/photo?fbid=864891170767969&set=a.133840563873037,1,1.52E-05,0.995680116,,,,,,,,
,https://www.facebook.com/RongaiKenya/posts/3777944742332980,1,1.52E-05,,,,,,,,,
,https://www.facebook.com/sandrah.kimani.3/posts/151725820332575,1,1.52E-05,,,,,,,,,
,https://www.facebook.com/timo.ruto.7/posts/3083276615225475,1,1.52E-05,,,,,,,,,
,https://www.facebook.com/tuk.bigwig.58/posts/516360772827105,1,1.52E-05,0.995786219,,,,,,,,
,https://www.facebook.com/Wamala-Balunabba-News-Anchor-679146299163321/photos/pcb.1164120507332562/1164120390665907/,1,1.52E-05,,,,,,,,,
,https://www.facebook.com/wanjikurevolutionkenya/posts/3702257689879317,1,1.52E-05,0.996498621,,,,,,,,
,https://www.facebook.com/WhispersNorth/posts/801456094063744,1,1.52E-05,0.995846849,,,,,,,,
,https://www.instagram.com/p/CQiSeWyNi_e/?utm_source=ig_embed&ig_rid=eba12b9b-8292-4ad1-836e-2db40033b886,1,1.52E-05,0.996089369,,,,,,,,
,https://www.instagram.com/p/CQP_VQzFJpy/,1,1.52E-05,,,,,,,,,
,https://www.youtube.com/watch?v=R3pL7EBnz68,1,1.52E-05,,,,,,,,,
,Ilhan Omar,1,1.52E-05,0.997211023,,,,,,,,
,Instagram post,1,1.52E-05,0.997195865,,,,,,,,
,Inﾃｪs Ameixa,1,1.52E-05,,,,,,,,,
,Inﾃｪs Baptista,1,1.52E-05,,,,,,,,,
,Jam City Antifa,1,1.52E-05,0.996877558,,,,,,,,
,Jamila Mbugua ,1,1.52E-05,,,,,,,,,
,Jimmy Anderson,1,1.52E-05,,,,,,,,,
,Jimmy Kimmel,1,1.52E-05,,,,,,,,,
,John Cornyn,1,1.52E-05,0.997120078,,,,,,,,
,John Delaney,1,1.52E-05,0.997089763,,,,,,,,
,John Ratcliffe,1,1.52E-05,,,,,,,,,
,Jon Erpenbach,1,1.52E-05,0.99704429,,,,,,,,
,Josﾃｩ Paiva Capucho,1,1.52E-05,,,,,,,,,
,Kedar Nadella,1,1.52E-05,,,,,,,,,
,Keith Edwards,1,1.52E-05,0.9968624,,,,,,,,
,Ken Cuccinelli,1,1.52E-05,,,,,,,,,
,Kimeli Kanus Dominic ,1,1.52E-05,,,,,,,,,
,KING 5,1,1.52E-05,,,,,,,,,
,KREM,1,1.52E-05,,,,,,,,,
,KSAT - Trust Index ,1,1.52E-05,0.996771455,,,,,,,,
,Kwaela News Network,1,1.52E-05,0.996316731,,,,,,,,
,La joie de 2021,1,1.52E-05,,,,,,,,,
,Lisa Wambui,1,1.52E-05,,,,,,,,,
,Logially Facts,1,1.52E-05,0.996968503,,,,,,,,
,Logically,1,1.52E-05,0.99674114,,,,,,,,
,Logically Facts Video shows Muslim migrants clashing with police in Sweden during the Eurovision contest,1,1.52E-05,,,,,,,,,
,Logically FactsV,1,1.52E-05,,,,,,,,,
,Logically Fatcs,1,1.52E-05,0.996165156,,,,,,,,
,Logically Fcats,1,1.52E-05,0.996650196,,,,,,,,
,Loigcally Facts,1,1.52E-05,,,,,,,,,
,Luiz Fernando Menezes,1,1.52E-05,,,,,,,,,
,"Mark Pocan, ",1,1.52E-05,,,,,,,,,
,Matseshe Alfayo,1,1.52E-05,0.996028739,,,,,,,,
,Michael Bennet,1,1.52E-05,,,,,,,,,
,Michael Burgess,1,1.52E-05,,,,,,,,,
,Michael Kearns,1,1.52E-05,,,,,,,,,
,Mike Johnson,1,1.52E-05,0.99692303,,,,,,,,
,Mike Mbuvi Sonko Govonor,1,1.52E-05,,,,,,,,,
,Mohamed Abdi Mohamud,1,1.52E-05,0.996362203,,,,,,,,
,Mohd Salman,1,1.52E-05,,,,,,,,,
,Mongolian Fact Checking Center,1,1.52E-05,,,,,,,,,
,Multiple social media posts,1,1.52E-05,0.995407282,,,,,,,,
,MyGoPen,1,1.52E-05,0.996180313,,,,,,,,
,myth detector,1,1.52E-05,,,,,,,,,
,Nai Haps,1,1.52E-05,,,,,,,,,
,News4Jax - Trust Index,1,1.52E-05,0.996786613,,,,,,,,
,Newsmeter,1,1.52E-05,0.996043896,,,,,,,,
,NewsMobile ,1,1.52E-05,0.997135235,,,,,,,,
,Nicholas Laca Kimzy,1,1.52E-05,0.99698366,,,,,,,,
,Nickson Abubakar ,1,1.52E-05,,,,,,,,,
,Noticias Telemundo,1,1.52E-05,,,,,,,,,
,NPR,1,1.52E-05,,,,,,,,,
,NTV News Kenya,1,1.52E-05,,,,,,,,,
,Nushaiba Iqbal,1,1.52E-05,,,,,,,,,
,Nyamira County,1,1.52E-05,,,,,,,,,
,Oklahoma Watch,1,1.52E-05,,,,,,,,,
,Opera News,1,1.52E-05,,,,,,,,,
,PDP Nigeria,1,1.52E-05,0.997150393,,,,,,,,
,Pete Buttigieg,1,1.52E-05,,,,,,,,,
,Peter Mwangi ,1,1.52E-05,,,,,,,,,
,PolitiFact Missouri,1,1.52E-05,,,,,,,,,
,Prachi Salve,1,1.52E-05,,,,,,,,,
,Priorities USA,1,1.52E-05,0.996907873,,,,,,,,
,Priyali Dhingra,1,1.52E-05,,,,,,,,,
,Provera ﾄ・Einjenica,1,1.52E-05,0.996604723,,,,,,,,
,Rashid Abdallah ,1,1.52E-05,,,,,,,,,
,Ray Cross,1,1.52E-05,,,,,,,,,
,Reuters,1,1.52E-05,0.996695668,,,,,,,,
,Reuters Fact Check,1,1.52E-05,,,,,,,,,
,Rick Scott,1,1.52E-05,,,,,,,,,
,Robert Alai,1,1.52E-05,,,,,,,,,
,Rohit Kumar,1,1.52E-05,,,,,,,,,
,Roland Martin,1,1.52E-05,,,,,,,,,
,Ron Johnson ,1,1.52E-05,,,,,,,,,
,Ron Tusler,1,1.52E-05,0.996847243,,,,,,,,
,Runjay Kumar,1,1.52E-05,,,,,,,,,
,Sean Hannity,1,1.52E-05,,,,,,,,,
,Sourit Sanyal,1,1.52E-05,,,,,,,,,
,Sri Lakshmi Muttevi,1,1.52E-05,,,,,,,,,
,State Sen. John Flanagan,1,1.52E-05,,,,,,,,,
,Sucre Abdirashid Said,1,1.52E-05,,,,,,,,,
,Sujanto Lim,1,1.52E-05,,,,,,,,,
,Ta-Nehisi Coates,1,1.52E-05,,,,,,,,,
,Taylor Swift,1,1.52E-05,,,,,,,,,
,Ted Cruz,1,1.52E-05,0.99710492,,,,,,,,
,Terry McAuliffe,1,1.52E-05,,,,,,,,,
,The Dispatch Fact C heck,1,1.52E-05,0.996301573,,,,,,,,
,The Dispatch Fact Ch,1,1.52E-05,0.996938188,,,,,,,,
,The Dispatch Fact Check ,1,1.52E-05,0.995589171,,,,,,,,
,The Dispatch Fact Checkl,1,1.52E-05,0.996725983,,,,,,,,
,The Healthy Indian project,1,1.52E-05,,,,,,,,,
,The Italian American Page,1,1.52E-05,0.996210628,,,,,,,,
,Thip Media,1,1.52E-05,,,,,,,,,
,Tiare Sandoval,1,1.52E-05,,,,,,,,,
,Travis County Republican Party,1,1.52E-05,,,,,,,,,
,Tweets,1,1.52E-05,,,,,,,,,
,Tycoonew Kenya,1,1.52E-05,,,,,,,,,
,Ungu Mwendia M'Inyingi,1,1.52E-05,,,,,,,,,
,USa Today,1,1.52E-05,0.99716555,,,,,,,,
,Vaibhav Bhujang,1,1.52E-05,,,,,,,,,
,Vasudha Beri,1,1.52E-05,,,,,,,,,
,VERA Files ,1,1.52E-05,,,,,,,,,
,Verify-sy,1,1.52E-05,0.996195471,,,,,,,,
,Weston David Pagano,1,1.52E-05,0.996998818,,,,,,,,
,WGRZ,1,1.52E-05,,,,,,,,,
,WKMG - Trust Index ,1,1.52E-05,0.996756298,,,,,,,,
,Wood Pecker Crafts,1,1.52E-05,,,,,,,,,
,youturn,1,1.52E-05,,,,,,,,,
,Zee News English,1,1.52E-05,,,,,,,,,
,FALSE,1,1.52E-05,,,,,,,,,
,Snopes,0,0,0,https://www.snopes.com/fact-check/last-giant-silicon-tree-1899,〇,明示的なソース,,,,,
